,NG,8.042426e+01,OK,OK,No Update,-,NG,-,MBTOP02\mapList.csv; MBTOP02\mapList_unmapped.csv; log.txt,MBTOP01\blockInfo.xml; MBTOP05\csv1\SimulationLog.mat; MBTOP06\csv1\compareResult.mat; MBTOP07\evidence.xml; MBTOP07\csv1\codeData.csv\Signal0.xml; MBTOP07\csv1\codeData.csv\Signal1.xml; MBTOP07\csv1\codeData.csv\codeData.csv.xml; MBTOP34\csv1\codeData.csv; MBTOP34\csv1\modelData.csv; WinAMS\MBTinfo.xml; WinAMS\csv1\codeData.csv,
,NG,2.234234e+00,OK,NG,No Update,-,NG,MBTOP01\blockInfo.xml; MBTOP02\mapList.xml; MBTOP02\mapList_p.xml; MBTOP05\csv1\SimulationLog.mat; MBTOP05\csv1\TestSetting1.m; MBTOP06\csv1\compareResult.mat; MBTOP07\csv1\codeData.csv\Signal0.xml; MBTOP07\csv1\codeData.csv\Signal1.xml; MBTOP07\csv1\codeData.csv\codeData.csv.xml; MBTOP07\evidence.xml; MBTOP34\csv1\codeData.csv; MBTOP34\csv1\modelData.csv; WinAMS\MBTinfo.xml; WinAMS\csv1\codeData.csv; WinAMS\varList.xml,-,-,
,NG,5.841305e-01,OK,NG,No Update,-,NG,MBTOP01\blockInfo.xml; MBTOP02\mapList.xml; MBTOP02\mapList_p.xml; MBTOP05\csv1\SimulationLog.mat; MBTOP05\csv1\TestSetting1.m; MBTOP06\csv1\compareResult.mat; MBTOP07\csv1\codeData.csv\Signal0.xml; MBTOP07\csv1\codeData.csv\Signal1.xml; MBTOP07\csv1\codeData.csv\codeData.csv.xml; MBTOP07\evidence.xml; MBTOP34\csv1\codeData.csv; MBTOP34\csv1\modelData.csv; WinAMS\MBTinfo.xml; WinAMS\csv1\codeData.csv; WinAMS\varList.xml,-,-,
,NG,5.591677e-01,OK,NG,No Update,-,NG,MBTOP01\blockInfo.xml; MBTOP02\mapList.xml; MBTOP02\mapList_p.xml; MBTOP05\csv1\SimulationLog.mat; MBTOP05\csv1\TestSetting1.m; MBTOP06\csv1\compareResult.mat; MBTOP07\csv1\codeData.csv\Signal0.xml; MBTOP07\csv1\codeData.csv\Signal1.xml; MBTOP07\csv1\codeData.csv\codeData.csv.xml; MBTOP07\evidence.xml; MBTOP34\csv1\codeData.csv; MBTOP34\csv1\modelData.csv; WinAMS\MBTinfo.xml; WinAMS\csv1\codeData.csv; WinAMS\varList.xml,-,-,
,NG,1.048534e+00,OK,NG,No Update,-,NG,MBTOP01\blockInfo.xml; MBTOP02\mapList.xml; MBTOP02\mapList_p.xml; MBTOP05\csv1\SimulationLog.mat; MBTOP05\csv1\TestSetting1.m; MBTOP06\csv1\compareResult.mat; MBTOP07\csv1\codeData.csv\Signal0.xml; MBTOP07\csv1\codeData.csv\Signal1.xml; MBTOP07\csv1\codeData.csv\codeData.csv.xml; MBTOP07\evidence.xml; MBTOP34\csv1\codeData.csv; MBTOP34\csv1\modelData.csv; WinAMS\MBTinfo.xml; WinAMS\csv1\codeData.csv; WinAMS\varList.xml,-,-,
,NG,1.587053e+03,OK,NG,No Update,-,NG,MBTOP01\blockInfo.xml; MBTOP02\mapList.xml; MBTOP02\mapList_p.xml; MBTOP05\csv1\SimulationLog.mat; MBTOP05\csv1\TestSetting1.m; MBTOP06\csv1\compareResult.mat; MBTOP07\csv1\codeData.csv\Signal0.xml; MBTOP07\csv1\codeData.csv\Signal1.xml; MBTOP07\csv1\codeData.csv\codeData.csv.xml; MBTOP07\evidence.xml; MBTOP34\csv1\codeData.csv; MBTOP34\csv1\modelData.csv; WinAMS\MBTinfo.xml; WinAMS\csv1\codeData.csv; WinAMS\varList.xml,log.txt,-,
,NG,1.673690e+00,OK,NG,No Update,-,NG,MBTOP01\blockInfo.xml; MBTOP02\mapList.xml; MBTOP02\mapList_p.xml; MBTOP05\csv1\SimulationLog.mat; MBTOP05\csv1\TestSetting1.m; MBTOP06\csv1\compareResult.mat; MBTOP07\csv1\codeData.csv\Signal0.xml; MBTOP07\csv1\codeData.csv\Signal1.xml; MBTOP07\csv1\codeData.csv\codeData.csv.xml; MBTOP07\evidence.xml; MBTOP34\csv1\codeData.csv; MBTOP34\csv1\modelData.csv; WinAMS\MBTinfo.xml; WinAMS\csv1\codeData.csv; WinAMS\varList.xml,-,-,
,NG,1.823579e+00,OK,NG,No Update,-,NG,MBTOP01\blockInfo.xml; MBTOP02\mapList.xml; MBTOP02\mapList_p.xml; MBTOP05\csv1\SimulationLog.mat; MBTOP05\csv1\TestSetting1.m; MBTOP06\csv1\compareResult.mat; MBTOP07\csv1\codeData.csv\Signal0.xml; MBTOP07\csv1\codeData.csv\Signal1.xml; MBTOP07\csv1\codeData.csv\codeData.csv.xml; MBTOP07\evidence.xml; MBTOP34\csv1\codeData.csv; MBTOP34\csv1\modelData.csv; WinAMS\MBTinfo.xml; WinAMS\csv1\codeData.csv; WinAMS\varList.xml,-,-,
,NG,4.886276e-01,OK,NG,No Update,-,NG,MBTOP01\blockInfo.xml; MBTOP02\mapList.xml; MBTOP02\mapList_p.xml; MBTOP05\csv1\SimulationLog.mat; MBTOP05\csv1\TestSetting1.m; MBTOP06\csv1\compareResult.mat; MBTOP07\csv1\codeData.csv\Signal0.xml; MBTOP07\csv1\codeData.csv\Signal1.xml; MBTOP07\csv1\codeData.csv\codeData.csv.xml; MBTOP07\evidence.xml; MBTOP34\csv1\codeData.csv; MBTOP34\csv1\modelData.csv; WinAMS\MBTinfo.xml; WinAMS\csv1\codeData.csv; WinAMS\varList.xml,-,-,
,NG,2.815317e+03,OK,NG,No Update,-,NG,MBTOP06\csv1\compareResult.mat; MBTOP07\csv1\codeData.csv\Signal0.xml; MBTOP07\csv1\codeData.csv\Signal1.xml; MBTOP07\csv1\codeData.csv\codeData.csv.xml; MBTOP07\evidence.xml; WinAMS\MBTinfo.xml,log.txt,MBTOP01\blockInfo.xml; MBTOP05\csv1\SimulationLog.mat; MBTOP34\csv1\codeData.csv; MBTOP34\csv1\modelData.csv; WinAMS\csv1\codeData.csv,
,NG,2.571373e+03,OK,OK,No Update,-,NG,-,MBTOP02\mapList.csv; MBTOP02\mapList_unmapped.csv; log.txt,MBTOP01\blockInfo.xml; MBTOP05\csv1\SimulationLog.mat; MBTOP06\csv1\compareResult.mat; MBTOP07\evidence.xml; MBTOP07\csv1\codeData.csv\Signal0.xml; MBTOP07\csv1\codeData.csv\Signal1.xml; MBTOP07\csv1\codeData.csv\codeData.csv.xml; MBTOP34\csv1\codeData.csv; MBTOP34\csv1\modelData.csv; WinAMS\MBTinfo.xml; WinAMS\csv1\codeData.csv,
,NG,1.296055e+03,OK,OK,No Update,-,NG,-,MBTOP02\mapList.csv; MBTOP02\mapList_unmapped.csv; log.txt,MBTOP01\blockInfo.xml; MBTOP05\csv1\SimulationLog.mat; MBTOP06\csv1\compareResult.mat; MBTOP07\evidence.xml; MBTOP07\csv1\codeData.csv\Signal0.xml; MBTOP07\csv1\codeData.csv\Signal1.xml; MBTOP07\csv1\codeData.csv\codeData.csv.xml; MBTOP34\csv1\codeData.csv; MBTOP34\csv1\modelData.csv; WinAMS\MBTinfo.xml; WinAMS\csv1\codeData.csv,
,NG,1.023035e+02,OK,OK,No Update,-,NG,-,MBTOP02\mapList.csv; MBTOP02\mapList_unmapped.csv; log.txt,MBTOP01\blockInfo.xml; MBTOP05\csv1\SimulationLog.mat; MBTOP06\csv1\compareResult.mat; MBTOP07\evidence.xml; MBTOP07\csv1\codeData.csv\Signal0.xml; MBTOP07\csv1\codeData.csv\Signal1.xml; MBTOP07\csv1\codeData.csv\codeData.csv.xml; MBTOP34\csv1\codeData.csv; MBTOP34\csv1\modelData.csv; WinAMS\MBTinfo.xml; WinAMS\csv1\codeData.csv,
,NG,6.493207e+01,OK,OK,No Update,-,NG,-,MBTOP02\mapList.csv; MBTOP02\mapList_unmapped.csv; log.txt,MBTOP01\blockInfo.xml; MBTOP05\csv1\SimulationLog.mat; MBTOP06\csv1\compareResult.mat; MBTOP07\evidence.xml; MBTOP07\csv1\codeData.csv\Signal0.xml; MBTOP07\csv1\codeData.csv\Signal1.xml; MBTOP07\csv1\codeData.csv\codeData.csv.xml; MBTOP34\csv1\codeData.csv; MBTOP34\csv1\modelData.csv; WinAMS\MBTinfo.xml; WinAMS\csv1\codeData.csv,
,NG,1.380288e+02,OK,OK,No Update,-,NG,-,MBTOP02\mapList.csv; MBTOP02\mapList_unmapped.csv; log.txt,MBTOP01\blockInfo.xml; MBTOP05\csv1\SimulationLog.mat; MBTOP06\csv1\compareResult.mat; MBTOP07\evidence.xml; MBTOP07\csv1\codeData.csv\Signal0.xml; MBTOP07\csv1\codeData.csv\Signal1.xml; MBTOP07\csv1\codeData.csv\codeData.csv.xml; MBTOP34\csv1\codeData.csv; MBTOP34\csv1\modelData.csv; WinAMS\MBTinfo.xml; WinAMS\csv1\codeData.csv,
,NG,2.656457e+00,OK,NG,No Update,-,NG,MBTOP01\blockInfo.xml; MBTOP02\mapList.xml; MBTOP02\mapList_p.xml; MBTOP05\csv1\SimulationLog.mat; MBTOP05\csv1\TestSetting1.m; MBTOP06\csv1\compareResult.mat; MBTOP07\csv1\codeData.csv\Signal0.xml; MBTOP07\csv1\codeData.csv\Signal1.xml; MBTOP07\csv1\codeData.csv\codeData.csv.xml; MBTOP07\evidence.xml; MBTOP34\csv1\codeData.csv; MBTOP34\csv1\modelData.csv; WinAMS\MBTinfo.xml; WinAMS\csv1\codeData.csv; WinAMS\varList.xml,-,-,
,NG,6.575015e-01,OK,NG,No Update,-,NG,MBTOP01\blockInfo.xml; MBTOP02\mapList.xml; MBTOP02\mapList_p.xml; MBTOP05\csv1\SimulationLog.mat; MBTOP05\csv1\TestSetting1.m; MBTOP06\csv1\compareResult.mat; MBTOP07\csv1\codeData.csv\Signal0.xml; MBTOP07\csv1\codeData.csv\Signal1.xml; MBTOP07\csv1\codeData.csv\codeData.csv.xml; MBTOP07\evidence.xml; MBTOP34\csv1\codeData.csv; MBTOP34\csv1\modelData.csv; WinAMS\MBTinfo.xml; WinAMS\csv1\codeData.csv; WinAMS\varList.xml,-,-,
,NG,1.094319e+02,OK,OK,No Update,-,NG,-,MBTOP02\mapList.csv; MBTOP02\mapList_unmapped.csv; log.txt,MBTOP01\blockInfo.xml; MBTOP05\csv1\SimulationLog.mat; MBTOP06\csv1\compareResult.mat; MBTOP07\evidence.xml; MBTOP07\csv1\codeData.csv\Signal0.xml; MBTOP07\csv1\codeData.csv\Signal1.xml; MBTOP07\csv1\codeData.csv\codeData.csv.xml; MBTOP34\csv1\codeData.csv; MBTOP34\csv1\modelData.csv; WinAMS\MBTinfo.xml; WinAMS\csv1\codeData.csv,
,NG,1.025232e+02,OK,OK,No Update,-,NG,-,MBTOP02\mapList.csv; MBTOP02\mapList_unmapped.csv; log.txt,MBTOP01\blockInfo.xml; MBTOP05\csv1\SimulationLog.mat; MBTOP06\csv1\compareResult.mat; MBTOP07\evidence.xml; MBTOP07\csv1\codeData.csv\Signal0.xml; MBTOP07\csv1\codeData.csv\Signal1.xml; MBTOP07\csv1\codeData.csv\codeData.csv.xml; MBTOP34\csv1\codeData.csv; MBTOP34\csv1\modelData.csv; WinAMS\MBTinfo.xml; WinAMS\csv1\codeData.csv,
,NG,5.720892e+01,OK,NG,No Update,-,NG,MBTOP01\blockInfo.xml; MBTOP02\mapList.xml; MBTOP02\mapList_p.xml; MBTOP05\csv1\SimulationLog.mat; MBTOP05\csv1\TestSetting1.m; MBTOP06\csv1\compareResult.mat; MBTOP07\csv1\codeData.csv\Signal0.xml; MBTOP07\csv1\codeData.csv\Signal1.xml; MBTOP07\csv1\codeData.csv\codeData.csv.xml; MBTOP07\evidence.xml; MBTOP34\csv1\codeData.csv; MBTOP34\csv1\modelData.csv; WinAMS\MBTinfo.xml; WinAMS\csv1\codeData.csv; WinAMS\varList.xml,log.txt,-,
,NG,9.116323e+01,OK,OK,No Update,-,NG,-,MBTOP02\mapList.csv; MBTOP02\mapList_unmapped.csv; log.txt,MBTOP01\blockInfo.xml; MBTOP05\csv1\SimulationLog.mat; MBTOP06\csv1\compareResult.mat; MBTOP07\evidence.xml; MBTOP07\csv1\codeData.csv\Signal0.xml; MBTOP07\csv1\codeData.csv\Signal1.xml; MBTOP07\csv1\codeData.csv\codeData.csv.xml; MBTOP34\csv1\codeData.csv; MBTOP34\csv1\modelData.csv; WinAMS\MBTinfo.xml; WinAMS\csv1\codeData.csv,
,NG,1.309123e+02,OK,OK,No Update,-,NG,-,MBTOP02\mapList.csv; MBTOP02\mapList_unmapped.csv; log.txt,MBTOP01\blockInfo.xml; MBTOP05\csv1\SimulationLog.mat; MBTOP06\csv1\compareResult.mat; MBTOP07\evidence.xml; MBTOP07\csv1\codeData.csv\Signal0.xml; MBTOP07\csv1\codeData.csv\Signal1.xml; MBTOP07\csv1\codeData.csv\codeData.csv.xml; MBTOP34\csv1\codeData.csv; MBTOP34\csv1\modelData.csv; WinAMS\MBTinfo.xml; WinAMS\csv1\codeData.csv,
,NG,1.626831e+02,OK,OK,No Update,-,NG,-,MBTOP02\mapList.csv; MBTOP02\mapList_unmapped.csv; log.txt,MBTOP01\blockInfo.xml; MBTOP05\csv1\SimulationLog.mat; MBTOP06\csv1\compareResult.mat; MBTOP07\evidence.xml; MBTOP07\csv1\codeData.csv\Signal0.xml; MBTOP07\csv1\codeData.csv\Signal1.xml; MBTOP07\csv1\codeData.csv\codeData.csv.xml; MBTOP34\csv1\codeData.csv; MBTOP34\csv1\modelData.csv; WinAMS\MBTinfo.xml; WinAMS\csv1\codeData.csv,
,NG,8.921803e+01,OK,OK,No Update,-,NG,-,MBTOP02\mapList.csv; MBTOP02\mapList_unmapped.csv; log.txt,MBTOP01\blockInfo.xml; MBTOP05\csv1\SimulationLog.mat; MBTOP06\csv1\compareResult.mat; MBTOP07\evidence.xml; MBTOP07\csv1\codeData.csv\Signal0.xml; MBTOP07\csv1\codeData.csv\Signal1.xml; MBTOP07\csv1\codeData.csv\codeData.csv.xml; MBTOP34\csv1\codeData.csv; MBTOP34\csv1\modelData.csv; WinAMS\MBTinfo.xml; WinAMS\csv1\codeData.csv,
,NG,8.742905e+01,OK,OK,No Update,-,NG,-,MBTOP02\mapList.csv; MBTOP02\mapList_unmapped.csv; log.txt,MBTOP01\blockInfo.xml; MBTOP05\csv1\SimulationLog.mat; MBTOP06\csv1\compareResult.mat; MBTOP07\evidence.xml; MBTOP07\csv1\codeData.csv\Signal0.xml; MBTOP07\csv1\codeData.csv\Signal1.xml; MBTOP07\csv1\codeData.csv\codeData.csv.xml; MBTOP34\csv1\codeData.csv; MBTOP34\csv1\modelData.csv; WinAMS\MBTinfo.xml; WinAMS\csv1\codeData.csv,
,NG,1.557660e+02,OK,OK,No Update,-,NG,-,MBTOP02\mapList.csv; MBTOP02\mapList_unmapped.csv; log.txt,MBTOP01\blockInfo.xml; MBTOP05\csv1\SimulationLog.mat; MBTOP06\csv1\compareResult.mat; MBTOP07\evidence.xml; MBTOP07\csv1\codeData.csv\Signal0.xml; MBTOP07\csv1\codeData.csv\Signal1.xml; MBTOP07\csv1\codeData.csv\codeData.csv.xml; MBTOP34\csv1\codeData.csv; MBTOP34\csv1\modelData.csv; WinAMS\MBTinfo.xml; WinAMS\csv1\codeData.csv,
,NG,1.111207e+02,OK,OK,No Update,-,NG,-,MBTOP02\mapList.csv; MBTOP02\mapList_unmapped.csv; log.txt,MBTOP01\blockInfo.xml; MBTOP05\csv1\SimulationLog.mat; MBTOP06\csv1\compareResult.mat; MBTOP07\evidence.xml; MBTOP07\csv1\codeData.csv\Signal0.xml; MBTOP07\csv1\codeData.csv\Signal1.xml; MBTOP07\csv1\codeData.csv\codeData.csv.xml; MBTOP34\csv1\codeData.csv; MBTOP34\csv1\modelData.csv; WinAMS\MBTinfo.xml; WinAMS\csv1\codeData.csv,
,NG,8.639593e+01,OK,OK,No Update,-,NG,-,MBTOP02\mapList.csv; MBTOP02\mapList_unmapped.csv; log.txt,MBTOP01\blockInfo.xml; MBTOP05\csv1\SimulationLog.mat; MBTOP06\csv1\compareResult.mat; MBTOP07\evidence.xml; MBTOP07\csv1\codeData.csv\Signal0.xml; MBTOP07\csv1\codeData.csv\Signal1.xml; MBTOP07\csv1\codeData.csv\codeData.csv.xml; MBTOP34\csv1\codeData.csv; MBTOP34\csv1\modelData.csv; WinAMS\MBTinfo.xml; WinAMS\csv1\codeData.csv,
,NG,6.950264e+01,OK,OK,No Update,-,NG,-,MBTOP02\mapList.csv; MBTOP02\mapList_unmapped.csv; log.txt,MBTOP01\blockInfo.xml; MBTOP05\csv1\SimulationLog.mat; MBTOP06\csv1\compareResult.mat; MBTOP07\evidence.xml; MBTOP07\csv1\codeData.csv\Signal0.xml; MBTOP07\csv1\codeData.csv\Signal1.xml; MBTOP07\csv1\codeData.csv\codeData.csv.xml; MBTOP34\csv1\codeData.csv; MBTOP34\csv1\modelData.csv; WinAMS\MBTinfo.xml; WinAMS\csv1\codeData.csv,
,NG,7.964449e+01,OK,OK,No Update,-,NG,-,MBTOP02\mapList.csv; MBTOP02\mapList_unmapped.csv; log.txt,MBTOP01\blockInfo.xml; MBTOP05\csv1\SimulationLog.mat; MBTOP06\csv1\compareResult.mat; MBTOP07\evidence.xml; MBTOP07\csv1\codeData.csv\Signal0.xml; MBTOP07\csv1\codeData.csv\Signal1.xml; MBTOP07\csv1\codeData.csv\codeData.csv.xml; MBTOP34\csv1\codeData.csv; MBTOP34\csv1\modelData.csv; WinAMS\MBTinfo.xml; WinAMS\csv1\codeData.csv,
,NG,8.380423e+01,OK,OK,No Update,-,NG,-,MBTOP02\mapList.csv; MBTOP02\mapList_unmapped.csv; log.txt,MBTOP01\blockInfo.xml; MBTOP02\mapList.xml; MBTOP05\csv1\SimulationLog.mat; MBTOP06\csv1\compareResult.mat; MBTOP07\evidence.xml; MBTOP07\csv1\codeData.csv\Signal0.xml; MBTOP07\csv1\codeData.csv\Signal1.xml; MBTOP07\csv1\codeData.csv\codeData.csv.xml; MBTOP34\csv1\codeData.csv; MBTOP34\csv1\modelData.csv; WinAMS\MBTinfo.xml; WinAMS\csv1\codeData.csv,
